Feature_1,Feature_2,Feature_3,Feature_4,Feature_5,Feature_6,Feature_7,Feature_8,Class
-1.2081331608778678,-1.3204459325786977,-1.5116175014739799,-0.4597203289685199,0.44501970010541436,-0.22514641076206554,0.4924172085610259,1.5264228600664884,1
-3.6151909552755184,1.5279991175999437,0.40064888165831447,2.15183603651312,-1.6361156295267407,-2.884751336789325,-0.6545747421017427,1.5307143328807877,1
-1.6069748259987757,-0.6391451481221453,-0.8154203252331721,-1.7952375197974457,1.6841923985489036,-2.031013216482804,-1.1149651455278016,-0.46802285524953635,2
-2.3870748854457706,-4.2432259371778445,1.6575568573873358,-1.1516106219844149,6.8971502771063875,-2.13487776735443,-0.5740668184998666,-0.4060174620492889,2
4.171609163208114,-0.20208793032146255,-3.930048691540474,-3.4168176407427877,-0.007096673073401072,0.6379564832643347,0.12425201816126097,-3.1852836899551478,2
2.483237973285724,-0.15794034977450444,-1.386564558729809,1.3990901276280079,-0.7285306918049972,-0.10760609402480259,0.6046588594256839,-1.655319616363264,2
-0.41077460107701863,-0.35038717780825346,-3.0007515497361097,-1.1464392633471694,0.45225615008234726,-0.41788751139629154,3.1130651017671975,1.2452546475219162,1
2.9946045468556486,-0.07125437703975934,-1.345574133236218,-0.177132072884448,-0.8565952433360329,-0.45367309321906213,-2.3604610122904,-3.3160471353633287,2
-3.845417693950599,-2.6117414687300053,1.7863356686976042,-0.27450150673816975,5.252761133576745,-2.617639002475742,0.3017526927970646,0.9657991811287583,2
-2.012103955161661,-1.2663935963167967,0.7058455942575412,-0.16999743422583236,1.806260987759487,-1.131573466375631,-0.8114919080976202,0.6592155236566883,2
0.7957224069385308,1.17959863267847,-2.350311154452509,5.566987353973899,-5.846569144703841,-0.459171396061008,0.23552143547861393,1.196837057491737,1
-0.2706116606883737,0.5077770839168823,-1.3182665859597418,1.2179985495044248,-0.5045513010613017,-0.6079421660802378,2.801020357803281,0.9301956618572236,1
-1.9588698503395139,-0.27704586829693334,-0.7678519722881555,-0.44710070225001697,-0.5231404140813563,-1.5454918971631562,-2.205243830332983,0.518145207150593,2
4.061274634365561,1.4219949295646779,-0.4797105720113861,-0.29333930145506104,-1.645637490003574,1.2194628698503018,-0.5530377382628433,-3.0599990703002367,0
-1.5029077574791927,3.6325533000861547,-1.43313856337294,1.0667484921065191,-4.919698433543036,-1.1768710086870113,-0.09427887822503533,1.3007833505248816,2
-4.137828412984587,1.1929873327707219,-3.0626988220521287,-4.903950925595781,1.1112978960154005,-3.063452777327001,0.7859892923030654,1.426559590550808,0
-0.875080273264353,1.299126672746858,-2.4220857746960327,-1.2594852239754997,-0.878363051158421,0.3307303610360055,4.044278752450754,2.246582186906035,0
-5.910025117567349,-0.660230906148844,1.4406298867286846,0.011772607891526565,1.830912728964969,-3.485645687924554,-1.9660161584077915,2.2138102119141267,2
-1.8451508559767076,-1.024193150008934,-3.0741373986770655,-2.1282626181148023,0.13391841508462654,0.09939127498215816,1.7031914684078506,2.7276453551676054,0
0.005784018996004508,3.035833715477735,-1.6206291060620548,-1.105456476262264,-2.387537256086038,0.9879315107108171,3.854648916347247,1.6420035687063583,0
0.1894629007161429,-0.2913858000798619,-1.9746468642211403,-1.2730674823884938,-1.2826140614314847,0.662184439678869,-0.6448601524240145,0.6658836287859247,0
-0.884601941802275,-1.3968210481777648,0.7660389659230984,0.4050093477761618,2.1566011097323896,-1.815452426795374,-1.4636684537084785,-1.03336819547481,2
-0.29372928058817216,-0.6896288944473532,-0.4154007094919818,-0.5930635910937163,0.8869168051553619,-1.8142937607329666,-2.3323940247975274,-1.5948854662647163,0
0.32325710657295414,0.4875838768865851,-1.5197309324692077,-1.5852082142268742,1.1174525413629715,-0.6194466954885052,2.4129990027240553,-0.42997566985587155,0
4.55477669474968,0.30215782098447386,1.9669147918739895,-0.22304294915600198,1.6283005786271605,0.6761506262252918,-1.1547257594931506,-4.980909880201068,0
3.358582227161833,2.212343628109151,-1.8684836798668172,-1.0927407054858667,-2.6573373031702685,0.32414440416331647,-0.8308673180694268,-2.874524762281909,0
-4.668742856871308,0.3862502694649417,2.4132596255386374,-0.43164871686737416,2.2885426155454534,-2.6263393374646653,-0.5075948581116603,1.4119703678971214,1
0.7612286288669862,2.2166665755003736,-3.097698631667764,0.8616637518494086,-3.099339519001927,-0.4927795893529111,2.919221776277695,0.5399718675349499,1
-4.294004562315156,1.301487403333019,1.590225450981504,2.726543103264959,-0.8959573929465785,-3.249879136465387,-0.9691916010032608,1.5890636479084468,1
5.665206209822838,0.3758899920715659,-3.4545391051779286,-1.0505002664262744,-1.3536812712998951,0.7722225215271281,0.14083736485420828,-4.114041693452872,2
0.8852369668554394,2.327987643368796,-4.816163359205861,-1.4185840565912424,-2.7275982539417085,-0.357833066478598,3.8684196929529446,0.6565522261509023,1
2.092728143761869,1.3506104964148546,-0.34316899435229953,-0.8196990872055491,-1.3151988810297612,2.0506549142568806,1.521671835389148,-0.25211876338828965,0
1.6706685778040962,3.3166060581542713,-3.3423638371928908,3.2895175352072905,-5.234043891849321,-0.4861998233822994,3.737471996743988,0.4788106415321002,1
-3.380359962799474,-1.1773597968694876,-0.4557466983469113,-0.8266019110130648,2.0210910097879,-2.233877885828497,-0.13636250469927969,1.4272961690781663,2
-0.5575929782668844,1.3452990424876878,-1.5094958241125584,-1.4446002081921527,0.037539857988048694,-0.6099591960324828,2.613797238092535,0.5347796573775974,1
-0.4463174668886762,2.344343627374646,-1.2877273042936626,2.6325373638763505,-2.408484322816232,-1.5391212177705358,2.9479644718945845,0.6921774521403351,1
8.431879071520237,-0.5317322457483313,1.8270128511521109,3.18573816310783,-1.6180640978724639,5.868935603722707,1.2033865559624093,-3.1234375513303814,0
-3.4742112563146663,0.08456641473992588,-0.17951290430583822,-1.4746445869243634,0.6780125176375732,-2.534932749370272,-2.026492758006876,0.7304398644187524,2
-1.793673986634574,0.13988675788045168,-0.7171460043691247,1.345447702105295,-1.268750395989282,-1.084629751906166,-0.08109106589875426,1.5027855171694449,1
-0.8910889225976998,1.3979518016261665,-1.4053095476537318,1.9427300259963425,-1.339938825372291,-1.544084929588292,2.805321165517415,0.9779732803682613,1
-2.999596031164785,0.19767429834713057,0.6549389041680922,0.6755212685399345,-0.3166313419181381,-1.634878690608815,-1.2642917186709552,1.4145457821461735,1
-2.1681314577029496,0.3515044969261607,-1.4539017313101792,-2.3211844568859163,1.4210531977935816,-2.4127746787545465,0.35259673347921816,0.05236167188494978,2
-1.845861437455819,2.294705485402856,-0.37351939436129855,1.3855851395627363,-2.4369972754307745,-1.488141942480306,0.6702090551856998,1.1865739010963736,2
0.4021753913538285,0.1612774219431823,-2.096259048271029,0.7617335411965034,-1.5956567805785113,0.24044054261543502,1.572313001774332,0.9770994509508367,1
-1.122471889023203,-2.0258286670434664,-0.9638778589737701,-1.1418122177097032,1.9442371122820714,-1.2475502194085275,-1.2743779040242618,-0.06660074089198098,2
-0.8282193783671704,-1.2977282927948486,-0.7736332594085291,-1.174928865027436,1.3610323252782617,-2.0176285042167446,-2.7408917167382594,-1.3089743021837255,2
1.3175296576572981,-0.48232584018009583,-0.6263206693732162,0.836582270600811,0.19094022080373402,-0.35791437730068476,0.1689282922041453,-1.172556963438607,2
1.1115473762084644,1.8155266986092913,-0.5408708254026569,-1.7150156767838987,-0.612257612517572,0.00354558930660942,0.36101930223846757,-1.3580550946066863,0
2.3147010369897942,0.8650046367935272,-0.2992080738498061,-0.4892854540384465,-0.9873450156289113,1.5526938112208755,0.6711768584016548,-0.947645622170141,0
5.7992081441918835,-0.45046809865682524,-3.118961615787581,-1.9707493349173648,-0.3963671345221801,1.4410331320310572,-0.2758426071546871,-4.097047731422402,2
-0.09482003819564505,1.0063218932306093,-2.5817990362421073,-2.190840572912859,-1.2796598090063165,-1.1628703449653361,-1.017770691548615,-0.7118864003909766,2
3.1812020107049412,1.6731865965028294,0.2775269883312088,-2.3985000735409385,1.168120325813026,-1.033447277328757,-1.359214788419072,-5.0780465164787225,0
2.848602411373175,2.868278230195319,-0.3452077905424694,-2.649292402507185,-1.6719005488013814,1.9209048739963621,0.813254987634169,-1.7318410230902084,0
-1.1320017193345266,0.9446252182203998,-0.6236564642954145,3.507421220727254,-3.7682463068156506,-0.9512737618206617,-1.0820714427274352,1.367907990592791,1
1.8263702088230973,-0.07930134288775492,-3.96362191996417,0.36593792724048646,-2.456898728417856,1.0465520315870958,2.304015837201711,0.8939515824257063,1
-3.7190853295775725,2.8708073405980317,2.1947340848449786,2.229859517424473,-1.5393732143538392,-3.039509187968037,-0.7963603923268538,0.850057185164396,1
-2.731652745017481,-0.47456199860052983,0.6293501391760958,-0.1699969940644106,1.4903975770594855,-1.467505099600229,0.10143159693471071,1.2474230828118356,1
0.1471441172757683,2.3957805864403525,-1.4887285168972446,-0.25431562059563073,-0.8468062242199097,-0.6542911041507362,3.876093553207344,0.2617682793533216,1
0.14291714101602548,1.9179531880039806,-1.264036145085717,2.166301475560363,-2.710625581384985,-0.693998718120372,1.887825179691669,0.5499468686768405,1
2.801418371529633,2.445503320170864,0.9125859591597896,-2.9998402036085343,1.6806040185576099,-0.9992897989796792,-0.3423032566062718,-4.923789438188111,0
-0.7501701964315701,-0.6063526391175549,0.5646112078134995,3.8952020324561705,-2.2200166602776226,-0.22522797795687932,-1.4894146033895774,1.2333175313624596,1
0.9228082530775318,-3.3363425217450007,-0.2819641940874861,-2.0492341844542894,3.86682815930431,-0.9177468363735863,-2.879246851564126,-2.569070143828784,2
-1.5436655183512855,3.8440766656372416,-1.3425985979385746,0.5744227294250843,-2.4203020982619976,-2.4792688883577503,2.4839417634322785,0.38539316696576,1
1.3049597844306666,0.8287900766915267,-0.9409202736491937,0.1654523257162983,-0.6883617667366332,1.608113955618705,3.6988893269051633,0.9425218069628027,0
-1.96713002066153,1.0125534332464192,0.07212581143872154,-1.4477613897199215,1.5230754541397475,-1.3206462410448752,2.1037503922656695,0.7111141896497751,1
0.794131849499136,-0.39207997872235323,-3.1689102448023125,1.5061252110494168,-3.360208947347371,0.692596206512152,0.12653449466350153,1.3733526737809596,1
2.6465318316447,0.9502892248685053,-1.7294784831633763,-0.6665143160418651,-0.8709208931082683,-0.3835919362556104,-0.11368508514784237,-2.5996672186158474,2
-4.843735750014803,-1.4739588270293207,1.8308538112367825,-0.5607863030576377,3.4819754934510496,-2.443115728752556,-0.5880948466410805,1.9189535153118515,1
0.17798643996448096,-0.4906855443147986,-1.8709188842041622,1.4020225506010895,-2.4640871453092115,0.49886861582847386,-0.42388966119140625,1.2599692281410413,1
-1.198161731434894,-1.8733552934657043,-0.2501709748788503,-1.4443214473150034,3.512884883691809,-1.6819022564638726,-0.021555800159712146,-0.5428560105546237,2
-0.6974993099799336,-3.262978588492014,-0.7615231205383793,-1.3733109547168985,2.36904018929398,-1.297847598546866,-3.7554512901994244,-1.0060407173784713,2
-3.452652279917007,-2.0391467569517983,0.8290022996350426,-1.4748357390420006,3.8746787714105797,-1.3907801896096956,0.382625064888262,1.6594756132186164,1
2.277090324272967,1.0757171690037888,0.009233821246629415,-1.3661449974873807,-0.5441503547094191,0.30435287179877857,-1.5657070525690293,-2.642022085136693,0
0.03168560459560407,-4.7190685602321025,0.5458280500787533,-0.47182388813035636,5.489019844004579,-0.8679453537711437,-1.0769941979934388,-1.2452595862061129,2
0.3736178610867043,0.29932815488943254,-1.0651182396665986,-1.3979645409711012,0.6296990301888215,-0.3089834089505643,1.056714103257207,-0.5050150126287758,0
-1.039680814803854,-0.2076478471359683,-0.04951832302201076,-0.3849912701927348,1.2821953970477293,-1.5080709580424652,-0.029141972820878048,-0.34107791518984687,2
1.99945036830259,1.5577299060372796,0.6501197807533023,-0.2226614618314584,-0.9376330998958365,1.146991312984835,0.48482213348661096,-1.2768886959043686,0
4.244492425871934,1.082337965479969,-0.17628396046157024,-0.8859663519856944,-1.1409435179587328,2.892991930173164,1.0797990756645623,-1.8490071947660125,0
-0.2310700629719858,-1.036777276916256,-0.9866184356150169,-1.9684247830359172,1.6245051171702276,0.8144330509379369,1.7135626371591983,0.9914689981716918,0
0.654928183168587,-1.0334105380685308,-1.4368419940260468,-0.9789464254267759,2.0370924933345913,-0.4626068809196656,1.981656455976498,-0.5495527185204646,2
-1.042598770439587,0.13862327396139906,-0.7158864576537263,0.7046133492523954,-1.2785480717816158,-0.43801562581993225,-0.3298785753868534,1.0903804908963908,1
-2.8792438766408286,-2.3647879696477374,2.739840157219013,2.5807080976794032,4.155767413169258,-2.1480081661854356,0.8590506138952931,0.8979001497278294,2
0.3311654150464887,1.7175144749092808,-2.5168359802082705,-2.730949770095222,-1.4344429082021926,-0.22200806099982295,0.49471766252536165,-0.3014740958393921,2
1.350640078931796,1.970783823019596,-3.3188522078225264,3.097228185479932,-4.495669017749515,-0.3286025893017622,2.754165582855222,0.7530462911542263,1
-2.8193441642613486,0.4043458853038686,-1.0729640350054803,-2.448621908961112,0.635370278668216,-2.4552267562992247,-1.5542691049570485,0.2525619328934683,0
0.6534162044941872,1.9548818964759325,-2.3771871295149207,-2.4389114184211813,-2.512873355443195,0.6558753337114588,0.15229358381400515,0.1156872208764046,0
-0.8225538493710994,1.2923386175453184,-2.88723548072843,-3.118402020373991,-0.8869528264734668,-0.24845760440538256,1.4812578836129295,1.0107664802229235,0
2.0986211137720976,0.7614499096802403,-0.6904100733303598,-1.7002497360324837,0.6906305236328096,0.4214633264093245,1.2456915076063868,-1.822507461222489,2
0.9857642950063659,-0.17252231766658932,-0.869319982134826,-1.7444691663504277,0.9596728161746865,0.6067761097664932,1.1348466250058156,-0.4880074197006332,0
0.3704116777413171,0.32538915092353227,-1.838250271990762,1.5053236510904269,-1.8912054979994728,0.07690668114664256,1.5911537012326518,0.9794021077373013,1
-4.267336281889317,-0.9191830609008554,2.3168870368987724,1.5741797539979863,0.3739049221892996,-2.1643340188198787,-3.6542302244770593,1.5739772901015883,2
-0.8673163457977894,2.923600419531562,-2.952672638482551,-2.6190762402833876,-2.66172017623916,0.9036435285218961,3.6760291213128204,2.5041757300577636,0
2.0320039039330746,-0.11194853837871688,0.2695464186059868,0.048183916466870924,0.7586608369831166,2.4098195483796214,3.5194405618165376,0.40459853479894314,0
0.35671175839016606,0.650979651167717,-2.4332905888418006,1.134371532313789,-1.9998172492821251,-0.1880490575919691,2.074209140704941,0.9412701981366404,1
0.4107278614596033,-2.3291038191128908,1.5072949051532212,2.903034915506302,1.402806917862592,-0.6413814044108286,-1.702202281330079,-0.9484787357198118,2
1.5260677083553296,1.3019056323632323,-0.2950062176271554,-0.19185304656078517,-1.1198541274384264,1.4715453436132864,1.946049089501769,0.03295959650667202,0
-0.37979360571766657,0.09072319714088262,-3.781154696775695,-4.313193546996388,0.3208661076847072,-1.433339632784822,-0.6410228014986132,-0.7496486410616903,2
-1.2958329625598313,-1.195757039958055,-0.7476202882825573,-0.3431009983600213,0.05569379390305862,0.06186014141566565,-0.6007324994946377,1.4740979353043153,1
-4.037393771120126,-1.4723197838227697,0.4188650584352316,-2.1591451825339245,2.620183655984462,-3.4986080615200095,-4.177246329886476,-0.21885113317078408,2
3.881984135558253,0.9188952333891821,-0.6312198642605149,0.9181154031796459,-2.3169661614014414,2.7464651430823857,1.400717191877671,-0.9051355795845627,0
-4.048349609023866,1.1768949240582411,0.8402459910932134,-0.7033228311967836,1.4865450708150016,-2.8689950308406718,0.8429328643894828,1.24377743927951,1
2.7040318551683744,1.6596781530968432,-0.7843992660119928,-0.8616298479607183,-1.9745418338724359,1.3794956716176587,0.05654912720066907,-1.5034278000453496,0
-0.9123900403358083,1.5880527531481712,-2.949119912753849,-1.026921265817175,-3.8549295556818994,0.9490824769196964,0.8269809610840309,2.649280008141564,0
-4.0386014534715375,-1.3875654641457484,1.2990197915704318,0.3473327062133955,1.9376733342496453,-2.860800739539392,-2.6135703130825236,0.9094122055906653,2
-1.9854600139739373,0.8390556200422841,-0.36968358694873626,0.24638735202588224,-0.03631343179750446,-1.5099803053632967,1.222599982812567,1.0731253237002785,1
2.5232697086793694,-0.11270125506602369,-1.8830808400710954,-0.14935212015016797,-1.7304129496817766,0.7483921437955217,-1.131039233068299,-1.4266327923691673,2
4.709903442750683,-2.083661534983388,-1.9837069337253768,-1.6019562310234086,2.294141474160566,1.3148207199194921,0.9926001786509091,-3.2368492151015227,2
3.210267808652505,-1.256636616285778,-2.9777778064058005,-2.9927498496444978,0.18240588052469076,0.18505535735860734,-2.665788555535097,-3.1967272488639438,2
1.245130145214816,-0.09739378926933617,-2.1835987560374805,-1.4636604743524404,-0.2543065695946837,-0.20818162185385036,-0.11450409952533303,-1.0711581730999962,0
-0.7195008092848401,-0.8806525457284871,-2.503305809601261,-1.3984257550260142,0.93274774414102,-1.446126673996763,0.5057320801864713,0.07296899222216124,2
-1.4766577467170063,-0.9062773843101934,1.7467348339232056,1.9185684212606877,1.414157105466892,-1.6738556402010247,-1.07670055741103,-0.19929125653977542,2
0.6810697036489121,2.7044033153877027,-1.5534354915126136,2.4840063033348687,-4.078360438551565,-0.38121760294922447,1.7350371069179573,0.44344767236725013,1
0.7114589712126542,1.4636559461227492,-3.110706569933765,-0.6237377763389051,-3.4274397432887844,-0.32140879273789025,-0.7294887295713692,-0.1443753633377921,2
2.611201500824609,0.6329440968512738,0.813757859777964,-0.31939328336531436,0.22021507572315388,0.049421475470718845,-1.4591338953793835,-3.1942158139749215,0
1.2336448130490725,0.18364815389432776,-4.181946360104426,-2.4552830445615315,-3.239620120188666,-0.7637163412519951,-4.423393744897744,-1.6590890577745951,2
-4.6318463833055485,0.33980352396153934,0.678283218192848,-1.4458261696514747,1.7889035710887942,-3.2591505154416174,-1.123709056209953,1.0961257387896404,2
-0.008499180922937275,2.458647685488372,-1.7093506890367083,-1.9333518818495872,-2.495575387505162,1.5048403979496339,2.445885836185486,1.7254629864252644,1
3.510841203744478,0.8473312872796075,0.06309752731470386,0.22188723664902654,-1.2314395515489556,1.6153313613149773,-0.1183417074272266,-2.15302529957668,0
0.9154926213537758,0.8521031224805823,-1.239597998970284,-1.5744212257235577,-1.084196485172879,-0.018437261262486793,-1.0709068238711716,-1.0728600136260311,0
-1.930556902406525,-2.283371856080213,-2.7767534667266687,-1.578942777940445,0.22426183057192936,-0.25746888873754914,-0.8385628067804669,2.2130371813054968,1
0.8314153386993595,1.0463226090438704,-0.6712966835486638,-0.4314030352620828,-0.708795991931369,1.2041940996227272,2.5432344037565118,0.6591796886789316,0
-2.7189458985277764,-0.8910512332568231,1.5290026180537866,-0.1786326948271446,2.7164725663891764,-2.2272403394341467,-0.9073062033260514,0.11304192967255733,2
-1.8604565833008833,2.505474033419072,-1.5771267693057702,0.7741754638693105,-2.072869896299214,-2.175709676078889,1.8679155312999343,1.032730239625301,1
5.886208617508858,-1.5131569637346727,-4.889000585285123,-2.7672775179109195,0.72186672192372,1.3761602292156159,1.5370984028469485,-3.574303482295826,2
-1.0746682340042004,-1.0238258960943996,-1.4488713143506118,-0.6442652334301568,0.576092107245164,-0.18576861389410404,0.9779929420020325,1.4150918115810363,1
1.3444404544860549,0.6500232646983233,-0.7917271623449322,-2.1091294572668797,0.5472833743439429,0.17731034919305455,0.44683599422251763,-1.4471371950386356,0
0.6471670817871633,1.4713207094143692,-2.597643418713615,0.6113534196529027,-2.5087207651380248,-0.16056997588002875,2.1296730823067254,0.5913896594062189,1
-1.4360391660795662,1.2155760658364962,-0.6075077584601349,1.531119337890069,-1.9410051447179058,-1.2694564063374538,0.22843114547776733,1.0277253443628926,1
0.08079901616624223,-0.814796585002725,0.2471709214058333,-1.4148091128296834,1.141411492988408,-1.447680957073339,-3.792336448167186,-2.3168721613394494,2
-2.0408337513090506,1.767649668243363,-1.7005277380451744,0.26831152820063076,-1.4002556123906467,-2.213655076642212,1.3803017525591517,1.0268868925914316,1
0.24683813838730795,1.9616459181808779,-3.1216731919035987,1.569482478410134,-3.449560141223764,-0.896860082258939,2.3242327434551617,0.837175674312463,1
1.7003839257175577,-0.13748030741991468,-1.6024955147216358,-1.1611530686116553,0.16011854448950646,-0.3250926165670649,-0.3573640787667901,-1.7966694913056864,2
1.8951144319701019,-3.776602169472522,0.037257856741055306,-1.1958126514583691,4.65705207595183,-1.4019463938365841,-2.9175898706210104,-3.8660830623414633,2
0.6488978566092194,1.775174572186831,-1.546297120740716,-0.2717339045989833,-3.083214710263547,1.711772718367165,1.736063115170851,1.5385528946057776,0
3.9247785807543454,1.2799608998222278,1.5330987381529066,-0.08274754423438235,0.48801361105625934,0.1456938414983483,-1.12870878629102,-4.602574634391943,0
1.2163923867958037,-1.6653420667289374,-0.393361285112543,-0.8509520084766641,1.9656068669735296,-1.002868323881464,-2.0394506720368115,-2.4659790329627755,2
-3.7609091834482387,-1.9617476353039849,-0.6407810954695514,-2.2372994812356533,2.264926762030203,-1.994822475213758,-2.0512666882502106,1.4514189451977968,0
-0.0416244630236449,-0.04699692885644713,-1.8658087359733213,-1.4281705057156515,-0.08843957740377095,-1.3975613574792929,-1.2674327590127255,-1.0518625591929749,0
3.901312960872951,-0.14681447132816494,-2.143030225085556,0.4762568859621312,-1.2925296116222411,0.9221252306600904,0.3439258252940063,-2.2179890311584245,2
-0.322767071956634,-1.4899186273457343,-0.8370587317163697,1.0312671905502373,-0.21844932265065525,0.4868081364945338,0.2595808749924323,1.3753340378867018,1
-0.7135286522856961,0.5963371409533498,-1.6650317207250815,-1.4777464868913484,0.3708538276126308,-0.5417128891724452,2.2294051424383476,0.75097968286304,1
2.0242602703343104,1.2522973769376227,-1.148696435861484,-2.615889525784797,0.006956111642130802,1.4986365030396116,2.1451208140589646,-0.7776999618957646,0
0.5335322728870941,3.1206235723317106,-2.7739170066843837,0.48460809663779547,-2.025395150804424,-1.0084175383789362,5.127295494936636,0.39413288427195214,1
-0.9328050889501195,-0.797843822087134,-2.878884414937403,-1.474256758373171,0.024513855980529787,0.3160918740333927,2.248433672842332,2.1664529005202833,0
-1.6115474487630412,1.7737016459858594,-2.180343980565473,0.49205585327546664,-1.889166617982791,-1.8857991665686589,1.7305047050322742,1.1562294631240448,1
1.0444044392853902,-1.3598224075201357,0.6136015256306429,3.0624330240908018,-0.9305972590384977,0.33055907538675977,-1.678620280296611,-0.38091680175095666,2
-0.32532959727631344,0.025846282256713482,-3.149601626800698,0.8315244492969502,-2.249260165867089,-0.43829512817671845,1.1295804778037848,1.4721148352983875,1
-1.9581182369210273,-0.49306974264888015,-1.8246407472632136,-2.8308970035331456,0.9193038346217771,-2.3037878933435976,-2.2731982126585955,-0.4179359605650026,2
-1.7908076024632278,1.0889833326844465,-1.520110521716555,-1.0757924956648728,-0.7722582718015268,-2.098913105591186,-0.6232553419781587,0.1744046842287743,2
3.854866501740241,1.3894757817957504,-1.0129711990363637,0.17868765938752418,-1.7455844954594344,0.9704532111377213,0.3520997733241734,-2.6230109563343387,0
-0.6893075036483413,-0.08902261532944888,-1.9564696059135005,-0.6373685783993066,-1.0389345919522692,-0.07569047925085781,0.3483457537630873,1.2188805753347631,1
-0.20167387453744806,-1.6967805360541772,-0.3347483861377629,-0.920604317841548,1.078643597586041,-0.915785865253596,-3.082011057832333,-1.1247021984730243,2
-0.6422673045471436,2.250585245915441,-1.3939051588987006,0.9845235817235384,-2.8438982857884847,-1.1100348052931137,0.7900332848147817,0.5659036171197331,1
-0.23564321363999505,0.29934749040545316,-2.152103260563938,-2.145467992490526,-0.7983149440490263,-0.5747505576660035,-1.051195722224646,-0.2044356727780362,2
2.939307091363592,0.9715459689265966,0.12098910241725513,0.19225870246283683,-0.5586130428615946,2.0451051049309097,2.325886317170622,-0.9032828991701116,0
1.9740376737881473,-1.50334062461221,-0.26933836383232146,0.7322267881591853,1.1882186002940485,0.06423993438637432,-0.24151074420989582,-1.6850260359034324,0
-2.4326758149846235,0.18348109871119878,-2.693744612980132,-4.4170116909843715,0.25102535547990723,-2.980558199087736,-3.6902535794343874,-0.8299076480491667,2
-0.7665147811064572,-2.505877339729741,-1.3992946308107719,-1.9488650500393412,1.9264605847047875,-0.8081243659914594,-2.0767383005473485,-0.2156558453824784,2
-1.443573907263585,-0.151140780850203,-0.6899061792690659,-0.1965380815452228,0.542499578249076,-1.3299226455606008,0.37788217944817126,0.5629090621201436,2
-1.5564947184199456,-3.3640847615125433,0.44184154352310245,-2.391686771126897,5.566726742421867,-2.8013950752076435,-2.663627844065804,-2.0072612205107365,2
0.3788014582408674,1.0381429341238568,-2.701752659444985,-2.407480979619205,-2.9916172120028923,2.4255680477261494,0.9169604409137203,2.161517087782544,0
1.7711377241656552,-1.2332053933866955,-1.1027577475330121,0.5853046576195855,-0.6191180039937338,1.985545182320101,0.9620052595325144,0.6109063075536894,0
-0.055162076710619706,2.362423196451525,-1.0155204404766276,1.2639935193839256,-2.365628853840467,-0.7743730284246145,1.8909576656433047,0.34411069230251023,1
1.3624495080945296,-1.2251060245157763,-2.973642291136096,3.2258434438386914,-3.5538895394541847,1.0924482538445788,0.2828644780744276,1.56399086238214,1
6.908123061388674,-0.30348570021163146,-4.915187914627348,-0.4036594491120573,-4.244589758012113,3.3200467451448565,-0.49586161286335995,-2.5434316974497198,2
-1.0248783633888159,0.09433742935708955,-0.5620944121065441,-0.16733200829304018,-0.02135156033182847,-1.3057462797469497,-0.6333069635185802,-0.015541631014409418,2
1.0956126764450345,1.782151058555526,-2.046977864837771,-2.573841766835547,0.2553671011825566,-2.161402378952701,-0.05898247587905381,-2.9647607724901985,0
3.4961277690876718,1.9432833370775837,-3.580023652826879,0.0838791241529786,-5.290094989113574,1.1631738290391276,-1.140335041667499,-1.382990704799929,2
-0.18770774160874207,1.9765526581949953,-2.6241624986677605,-0.35721776393944626,-1.5317511973253877,-1.0200711219519345,3.0004720588470364,0.554380140593357,1
2.623959636142916,-0.5375684803274756,-1.5397658436101316,-1.6383151625494206,1.6071134587426916,0.10639576191224964,1.1790004159490868,-2.3114823617249707,0
-0.6752237703163361,0.18688254389825398,-1.3721968558602424,-1.3072904817506927,-0.019352610615893565,-1.0359957311308328,-0.37814328609154413,-0.12157734082892302,2
-1.127516662476231,2.8934702497937215,0.021420819684544012,3.205731266741667,-3.5455443010431975,-1.7006791720894716,0.5441453438897956,0.607121634723059,1
-0.8590186039675899,-1.3976173749193714,-0.898372962031545,0.34002652588959525,-0.7515916108393769,0.36674414006389777,-1.2664973908307084,1.4478132650210647,1
-0.5083990004998314,-0.3970532460467764,-2.632179372774599,0.46459361079904404,-1.9736206226321025,-0.21140394542952434,0.040069946920399446,1.4236714686953025,1
-5.272346266873427,0.14104830628919718,1.5146334092479772,-0.17521841673200944,1.2702700532558602,-3.1889765476420484,-1.7841907814724394,1.7661715355573508,1
-2.162492611828449,0.8292055516553624,-4.583112761110275,-3.069605436000726,-1.5859498345757457,-1.0676325071444794,1.4402354904178418,2.2892081872828602,0
-2.5033046816822524,1.77887214461098,-0.9368031467917416,-2.004383529785506,0.31383990467645695,-2.5825267200060824,0.42239413215981947,0.15126583018000472,0
0.6673702133103535,1.425115704433499,-3.25661121171585,-1.9678632699517018,-3.5766185885854096,0.6943788862219151,-0.9395788182111353,0.43968946331965353,0
-0.0586968685151904,-0.6507167894142878,-1.5969937989447263,-1.656909249939889,0.3803478168442978,-1.7596772470603939,-2.774169181080388,-1.707447721636686,2
1.0600103010532964,-0.12990753272709266,-0.8144680123356598,-0.054667388974895204,0.23962767802811732,-1.9176481986466918,-2.167757898484154,-2.7504036766946682,0
-2.0084977878557098,-0.6857538008610868,-1.9377436410166324,-2.40472755747186,2.1194818962353588,-2.699291488684988,-0.14619842345666145,-0.2698407284827222,2
-2.2405218473335813,1.5966056809336717,-3.212119103780963,-3.0638722135504035,-0.25708325466764526,-2.701431251689005,0.875709767491102,0.3774301079773672,0
2.4347647842757016,1.2614917825761927,-4.187172508152206,0.514494003764698,-2.087203892983587,0.6762017532180438,5.232956791950813,0.45998335224012576,1
-2.0264176046471074,-3.280813657071868,0.45031605723820567,-0.8870586310773021,5.029057505353262,-1.882041793562859,0.01724592220875687,0.03329383339440972,2
-1.751910770304052,0.08083542035349167,-1.049740798271696,0.4852349955660481,-0.6807373305423428,-1.1181087146267887,0.3391825652820225,1.3724270149140523,1
-1.4060968268143645,2.9436630185008164,-2.3514614857731986,-3.017560740707114,-1.3459367204779,0.2972098217360777,4.2281617068687005,2.272160646278846,0
3.453710697130016,0.30546565760088507,-0.3093429693241725,1.360961550742425,-1.7903787475589168,3.7826074379136996,3.173543273951675,0.6711568060315611,0
3.8790254252238263,1.2989327276644351,0.9737583056359049,0.44425634825021176,-0.5066195973045368,3.0396615167711163,3.0417872565825794,-1.1435604608277727,0
2.563851155904355,0.6352948728496248,-3.7238961862504985,1.3658567350239434,-3.911552084197145,1.3942491875432408,1.7988055213346144,0.5627190193597081,2
2.785714238548293,1.261086442710163,0.4096473549540691,0.5345984062538072,-1.7295221322452177,2.5436163829469303,1.4088681182057652,-0.4474907596196842,0
1.3033187569773306,1.2841231914637596,-3.988037396272958,1.6433004590834204,-3.6733440471637495,0.06140803101901793,2.928947459786596,1.0096766210499448,1
3.3133582950762017,1.9796177300774813,-2.160489909370636,-1.4480820439076012,-2.691375735423173,3.0756852762857556,3.0012599896988834,0.07744394615538508,0
-2.3505367892145106,-0.33467386257178067,0.7424710631684175,-1.5287376119972635,1.8089639492086294,-0.7520448999666893,0.01783877664207001,1.056030307312435,1
2.0981286585572456,2.8453344652923755,-3.9834350748880465,1.8705558786473884,-4.427130069835609,-0.015024353014958747,4.150188613021298,0.3527920106281578,1
1.0473411413872582,0.3601641510963912,-1.2471051206698855,-1.3275120568015009,0.21360690178888622,-0.20085175296909985,0.5082037320934123,-1.0847421929478582,0
6.164496693927676,-2.712102754247861,-2.099738344546521,0.7324924533194683,0.005274664171425156,2.6056733448787837,-0.45449331209686505,-3.1070557390167344,2
-4.186317371189827,-1.4550216805550977,1.20500601846773,-1.3127467567329174,2.764570800294051,-1.913203181064557,-1.4735612781516698,1.6135444256664493,2
4.257484987640832,0.8580365158835224,0.9969734662644745,1.1128993646455738,0.0697150076520249,1.859801944903237,2.069171855950439,-2.5065870682357874,2
7.39061916913027,0.7834048778638358,1.950060208758675,0.2743312768093211,0.43752813890616554,1.727667644192118,-1.9201751982845336,-6.916473303767963,0
2.493361050723243,1.929142579696993,0.04880658672656257,-2.6045182466903842,-1.0616140283715327,1.6202386887742763,-0.6246653764894441,-1.9504333164644179,0
1.632487469325562,1.063026184427466,-2.745347333782832,-0.6089788440750312,-1.3473499483500222,0.7315979917941569,3.170968293246377,0.22103908798904015,1
2.9115931613981716,2.2937740243759013,1.3039377762226083,0.029908222407183382,-0.18580627573401912,0.9789780624983808,1.8862741360291284,-2.3359038898633386,0
-2.1476656416173574,1.2701833697829843,-0.05166839593435968,0.6244013238479693,-0.5657964259437541,-1.7139120922017628,0.7520105620288455,0.9858749565107848,1
2.3095783217392816,0.7715494474495779,-1.0613612497822478,-1.3952127931136915,-0.9107083332475717,0.9909782451481727,-0.1639254361709357,-1.5116350808486252,0
1.4171351683393425,2.277396276553924,-0.3095048395590597,-2.0095220895693666,-1.719714532133457,1.4399393422825522,0.39686534793528694,-0.5832874134493088,0
2.040595455378244,-4.301487563657561,-1.3520908524795259,-2.30851173256579,5.43534039431428,-0.1153990124591936,0.34235674785038883,-2.2639435630241476,2
-4.403697244633957,-1.9053768647205325,0.09604154051159686,-0.14263395762639497,2.5699509596506744,-2.91979789934689,-0.9540779888107085,1.7540353367427195,2
-2.1508361053994274,-0.4006377227973503,-0.13472615883621175,-0.3604024833615589,0.5311741993798024,-0.8666208767170304,-0.07779390906321604,1.379027154972249,1
1.2886534852015195,2.3130785135812357,-2.92466127461485,0.10321719256684692,-1.6334936549579229,-0.3624192905491368,4.6804197040434605,0.07884118276233543,1
-2.402135840657765,-2.887393686107206,0.4156664507323282,-3.1218961404307173,6.522287527618466,-3.800886189504154,-1.8045985931737327,-2.091216235819427,2
2.5886271082068957,0.4608867417482412,-0.036970976761705354,0.5058302237929317,-0.502910828035443,2.72174173872218,3.3552332921975507,0.32202586937355426,0
-2.798794120163469,-1.1515828328844595,1.3678714349899623,0.13867254507341287,1.7168767939587466,-0.923920207897802,-0.64916392699061,1.5059193551905268,1
1.0230336938977325,-0.3190179237744206,-2.7116516701396325,2.2751930597318326,-2.3397074061601226,0.4234469278778301,1.9749971049313133,1.1958605599067162,1
-1.4060638724886607,-0.9884752414226317,-0.07535521754029817,-0.3293151958461914,0.7444975012953496,-2.1262385651488396,-3.245434208532981,-0.9045652242756829,2
0.021204577662249265,-1.8464420881364152,-0.9867346541738531,-0.051568080313978304,0.9707385281796953,-0.9849113475880459,-1.6984242834927716,-0.7532841168143626,2
-2.967595347726345,-0.7612981496841489,0.7669726091195885,-0.056920713519868826,3.343003940588327,-3.05183197578096,0.7946650100894199,0.18588916005132883,2
-3.5205365737090606,0.20284171364922976,-1.0121434508436928,-2.623545536148317,1.583293955581005,-2.0742647545607635,0.6171777639242334,1.5157204861025666,1
7.248135419107117,-1.0810683173785347,0.970305572357822,1.5995140499106903,0.9768283791185944,3.713728098371452,1.953222638655321,-3.8110864725909437,0
4.7072535120787835,-1.2133547700024092,2.7746402542689625,0.8242571095676927,5.188675527078562,-0.7288338329689761,0.7151257302629008,-6.111311153056861,0
-0.3888455901916503,1.502604645271628,-0.993969271457666,4.112923753802905,-3.6353052835904625,-1.0762122959694345,0.9799066232722038,1.074926999695181,1
2.1866728672190314,-0.1476846305766546,-4.169367606551396,0.7600883884522358,-1.905918501024932,1.024174984315255,3.839977458875171,0.8939636128856887,1
0.2898664321635576,0.8404232771718643,-2.8196087970819312,-0.13839098573570152,-2.408591349498176,0.11630771048991506,1.1601925714390817,0.9439557693045434,1
-1.858901736847026,-2.7616675892417475,1.0012328648131397,-1.2317893806064306,4.021792142169832,-2.3154462193764216,-3.053640572488468,-1.21625323775238,2
7.175812727664434,-0.3221268315258785,1.2867568270735918,2.367697238385575,-0.9723166401124397,3.6430671300775463,-0.04524762208550959,-3.970121245901158,0
-1.9948026988934233,2.086362283509205,-0.01616027536101572,-0.6033043504910676,0.2768929964658439,-1.8063306470517684,2.1650680070306567,0.5865707836478891,1
1.5955637135341625,-0.3477063810295722,-2.44510760114251,-2.0520127107534933,0.4884698046715724,-0.1109593519445885,0.49822765594681173,-1.3278855466861559,2
-3.673902440211063,1.71842180111846,0.7633416601947469,-0.7190492869598506,0.5075847436490516,-2.597361784066269,0.2620287394841945,1.043639204512921,1
-5.336546969288221,-1.5808480168247656,1.305920123492978,2.3908132578379138,-0.15513512891893566,-2.0892489351584986,-2.6192442704474104,3.457446395474366,2
4.226481866348738,1.6784336385389431,0.27092888352866495,-0.2592849074301177,-2.773708176656978,4.287137119593847,1.2697290376257573,-0.5875299264037406,0
0.4071706990995687,1.3957084866669893,-0.7491610478410573,4.275485548116084,-4.0386488417496,-0.3472613268445406,0.47404262418009346,0.7857921603996819,1
0.020708214099630685,-1.1821543135490535,-2.1287370852968364,-3.302566276656276,1.111271306614748,-0.9975535994385468,-2.429542672316079,-1.3370800418853097,2
-0.6311767023221325,0.851875474514473,-1.4537445839910688,1.0154902845948777,-1.9865121437873945,-0.5947988094393286,0.7211521232896663,1.0260999228245824,1
6.633347811082953,-1.2681866739121774,-1.9117833229224015,0.278714252826086,-0.8488275347995339,1.8827724985536243,-1.6267809873223478,-4.563186571230586,2
0.33552728082830335,-1.8939086540579262,-1.0469974031719018,-3.2371058048286274,4.169054717449474,-1.5186762141815033,-0.37931713114770826,-2.2116790203667422,2
2.471620560309335,-0.21029632714004243,-3.92596618582596,3.0566750045896605,-4.960630733935692,1.4616008109085818,0.6911812545077274,1.1063127904692678,1
4.860049432902461,-0.7888063228592384,-4.25182683672757,-0.9545342257714984,-1.905160555884546,1.4249144460430148,-0.3299996937547933,-2.471411704293269,2
-1.3064945840855127,-0.79243067423804,-0.029351732123542695,1.3544666728577468,-1.0374958543412038,-0.18751625293382435,-1.3767276440369414,1.3683857669700301,1
2.615113244167445,0.8842912686052204,-1.4452647045417568,-1.0075433373255387,-2.0312077602106093,2.0447002447723914,0.4034962092373089,-0.5875726203069873,0
1.6382037748479232,1.820232379162711,-1.3431383459518107,-1.6662630710953683,-2.5943481773759878,3.6304943514401575,3.151672989617456,1.9287608241471164,2
3.570934579128136,2.9638694580051195,-3.9530906487083857,-1.4687199297714217,-4.139092637786291,0.30253014729157246,0.35905810406379857,-2.299207357109794,2
1.405219536190817,-2.126140150924217,-1.7982523764019622,-0.5514630513699043,2.6780851355224993,-0.3540196466889971,1.9875592689982509,-0.9678888643272698,0
3.584817962193291,0.48699047627783953,-0.8946706843474259,-0.3270840589995724,-1.296239463009866,1.7409886999823583,0.039385903911689724,-1.89991641004287,0
-2.41808784061391,3.192899993721007,-0.826925521562535,2.0507839729132895,-2.8412100508622893,-2.905024851196033,1.2682871120420816,0.9633686084420997,1
5.269534105438795,1.059794546326383,0.9107950412049093,-0.07342216761992792,-1.615265655344969,2.157324433511901,-2.3455373716341237,-4.158056814456185,0
-2.6872808298293154,0.10290441540702644,1.833714897253675,0.03530501220845372,1.0348567443403338,-1.0873801496270636,-0.765221494682415,1.0347540632672818,1
2.66435943544118,1.0275010567710345,-0.9393693193218391,-0.01975967228146147,-1.9795290263674368,1.471691130569656,0.29561667097474653,-1.063189881332318,0
-3.140813493632378,0.14334706754750925,-0.760639535043556,-1.601852872143037,0.6297272513497583,-2.306147435591311,-1.0824044700791908,0.8907977919389021,2
1.136315989751262,-0.591565378300678,-2.754036762418105,0.713066501978167,-1.5518884879025685,0.9382127744300581,1.8553233471306476,1.09998019562287,1
1.9109302029259652,2.4905199054306055,-3.237108006755077,2.880940779757848,-5.0400126243254,0.116080218616186,2.652182525504247,0.46488915852750823,1
2.73321914200826,0.40899937313666257,-0.019296138979974176,-0.953498688253278,-0.6075760986627121,1.6245955547800375,-0.6114818866450662,-1.7091792568163255,0
9.99713979144725,-2.368429557004321,-3.4667214287828374,1.5365606705720025,-2.591608064115997,3.978657446520544,-1.8171494421444527,-5.283235648170229,2
0.6018172056043153,0.7887056779387518,-1.5550077434097092,-0.44445260857732716,-1.1237656017518272,-0.5736936343015595,-0.04261151242007866,-0.6751477056116715,2
0.7803484489000528,1.528716101384523,-3.53182893257127,1.6120994440024676,-3.678682000911393,-0.4275918761742258,2.1651334321667735,0.841731005196004,1
3.094991421173187,1.9229550512806697,0.19549510981837903,-0.07890335743561516,-0.7594218222535124,-0.10476870836806929,-0.1480282380883109,-3.3594688208438486,0
-1.0211608560155403,0.513105356430237,-1.9338618189463594,-0.5013633429570341,-1.4774012062502069,-0.5762897620459636,0.18526088252740391,1.1283182220297219,1
-2.108466085262002,-1.2612077686652499,-1.4370000941233874,0.29348944622411655,-0.13059767796626384,-0.9351360749112215,-0.29764051221373733,1.9011651067470186,1
-4.7545489495809745,0.28124947818143653,0.0627736804985124,-1.186304210201346,0.8874420453816197,-3.150863321379419,-1.4803951444357566,1.5625297569434,2
-2.2297637373954733,-1.8729632261377493,-0.46061837160115415,-4.82385234845526,4.435745307793607,-2.19510692980886,-2.3107733235923344,-1.089692759750801,2
0.046841692310096286,0.26703768797521765,0.6692004028596881,-0.6403780027275634,1.5981059428035542,-0.549487112612203,0.9278900598360802,-0.820622226099704,0
-2.693657828838035,-0.1816308475770103,0.6957555487404079,0.24528316735469602,0.8692875320588429,-1.4411128727306035,-0.12700514097063298,1.2902286336332633,1
0.17720449961756377,1.6994135294346138,-2.594785007715241,-1.9383330846422524,-0.4316995345007422,-1.8232010632336506,1.1448689736354463,-1.2031815230600469,2
-0.7953385190023528,1.956746653522738,-2.2264512379720087,-2.6332776798701287,-1.5879542984724666,0.9357932405681535,2.7765705668490037,2.0740484770086756,0
-4.260062452528357,-1.8995106991530735,0.3966476516366506,-1.511804548798763,3.5179200884804067,-3.104508820483716,-1.632587902668163,0.873555954996694,1
0.16509482771314263,2.4206440738640604,-0.7609234724081405,3.0184133863268405,-3.2331567213394874,-0.883379528658422,1.787496342123045,0.3989898621095447,1
2.1779971458451883,2.227310473449137,-0.7152843259501729,-1.636981726777093,-0.5235602911357152,2.3640264220306166,4.78474932557518,0.27517111217477885,0
-2.5382697864591712,0.06377155389277789,-1.5208466985218267,-3.705541609344591,2.9929905106555936,-3.732152061138943,-0.5746535934632218,-1.192834279524249,0
1.8881549648425269,1.8844629309439223,-1.3869101250116946,-1.2257135647288266,-3.469106493944119,2.548564332211777,0.32944764895456,0.497193626001007,0
-2.5109024836187657,2.7209639776370533,-2.292218936354706,-3.8931963273713475,-0.4316548648823791,-1.4029065592316194,2.391094902561754,1.4172766138964459,0
-0.3977743793654098,0.7298428090450717,-1.2584244270282225,0.33207576842326536,-1.1592738484963032,-0.35952377503225796,1.1896227440147575,0.7970380725811126,1
0.22625974608287733,-2.041694529424585,0.43868971717579464,-0.3223034885280971,3.4624634684660665,-1.470046642910643,-0.6179834577685124,-1.831425344264224,2
1.683238201736861,0.5501636953738014,-1.5644033447344354,-0.5446073155875237,-0.752320804243748,0.6803104647441636,1.4606555710612157,-0.5120778810268563,0
-0.5500168092155107,0.9787228002056599,-0.5314872288829604,1.4759670659256359,-1.3013112150014094,-0.6711421427670894,1.2734824806851428,0.7411421280148158,1
-1.0937463265060878,-4.144808277274972,1.3609266891588039,0.31522953337708404,3.639127591765119,-1.1728387008912298,-3.7608141446959977,-0.8015269670364422,2
2.029483544015952,0.9334131241442543,-1.5618089601675922,-0.40872052444218465,-2.6596128299945683,2.936730277256186,1.9241446840450331,1.190883976247226,0
0.6788516618858238,0.2153937756202957,-4.802412400277122,-3.2575940496270026,-0.3077967422340687,-0.9453523185100418,1.4503478143377375,-0.4673665733391338,2
-5.335540237710959,0.2964529547654535,2.3070430707330547,1.4284972232563953,0.3171482692924758,-2.9677866267316233,-2.2298409688180687,2.1141838187156843,2
-1.0095941458777147,-1.013488549789983,-1.034759500944774,-3.053193436713478,2.460494766974786,-2.7939964055407467,-3.070711764137039,-2.2617582359364468,2
0.337358838205422,1.473307585845264,-2.5016851709012258,0.14688370810468665,-1.9635277960591855,-0.2853582969562296,2.4608795645338715,0.6805096023133234,1
0.9395914534104199,1.097809790509614,-0.9096545506545995,-2.815082601530843,-0.6289897690517063,1.301095278305386,0.27612689260258927,-0.2333041430161935,0
-0.363978363832246,0.641409177362194,-3.580867362446435,-0.6844512740688675,-1.8513541483050344,-0.48959723051563253,1.827235745762326,1.2998051790845668,1
1.7295249862370958,-2.287466038717314,1.0304889192287927,1.6282354259528735,2.8584148981988533,0.187085707838202,0.9503125549277629,-1.39652802301703,2
3.4811181220627136,0.638410201081804,-0.7867177233252284,-0.457289170246747,-0.4066957803478681,-0.25421817844135797,-1.3051614004289096,-3.779735805215225,0
0.35092528695288155,1.1152497579485503,-1.1430083757488754,0.13429342880575224,-0.7060312975587382,-0.09162094470674176,2.387177827125769,0.32895553729929317,0
-0.13566651763606735,0.25332055405806453,0.05631493408559596,1.2534384835416805,-0.2211578902657608,-1.2813988024324732,-0.39236443273355714,-0.7041982420756268,2
-2.3543895961976364,-0.34982411067239805,0.2322560766981807,-0.3774133812870555,1.2769836998724848,-1.1390694447864835,0.5847471219105453,1.2995846041357035,1
0.3944708658822967,2.363870824570779,-2.9916893172993086,1.9697834270906962,-3.8415774077736353,-0.870294170859933,2.5776886545261224,0.804920239758605,1
-0.9761738866420713,1.1909441998866446,-1.9235814010631078,-1.2041177336928077,-0.2615775740776452,-1.1841374088180485,2.023895480957389,0.6009999629969875,2
4.7108715701058825,-0.353441111053155,0.6720812413999557,0.4038005412049701,1.4955312886286725,1.8528253856751307,1.9052278145576382,-3.069438153939581,0
0.6256659755421552,0.08298083240625709,-0.63009903564284,-0.46820615500633045,0.12482529837341409,-1.0884337133109507,-1.2468749397139278,-1.6467811664661762,2
-2.6098040203384616,0.04933074119112357,-0.8929550322496582,0.4271158231586223,0.1548416820705434,-1.8672114057765135,0.9327673333823416,1.6017387276881465,1
-1.4396739512737429,1.7102385775137359,-1.9072494676264191,1.8161415955725353,-2.6797955941055576,-1.8195658149545118,1.2772767145017216,1.2419209210861673,1
1.6932529035542991,1.1530727144665494,-2.303495746212729,-1.5415953904208073,-2.218279945582992,1.9777079722182054,1.6667715931065326,0.6255437206390106,0
1.1205824092947072,1.8011589977884022,-0.9583785064702204,-0.6597644593388221,-1.882326812157708,1.809621677361386,2.6263431920265266,0.9413474115012395,0
3.2256724876693137,-0.8182533745820689,-1.7893342021105636,-0.1043209531445759,-0.7470737188186098,0.06469717095270067,-2.1132804234520424,-2.885821914478816,2
2.066148406339797,1.4399311801563464,-4.261003112885852,-0.778678605750655,-1.394651982738649,0.47126977596225106,5.333644181724583,0.34334362193123036,1
0.9068133063808772,0.4657592668373879,-3.4967103676540217,0.3224130675742135,-2.7604288441305393,0.42154286657182194,1.5132018048358968,1.0003111203599957,1
-1.9985260844140549,1.7026422750649606,-2.2156693616163152,-1.5694326686371045,-2.375320845209121,0.4117303803738498,1.91917417466105,3.018597862998827,0
-2.2379562101634516,1.3520365943436712,1.42679263927208,1.1615918460778245,-0.37285599223529187,-1.524706630158989,-0.026394622781805266,0.7486981669960509,1
2.4159991045829874,-0.06793342058220952,-3.0086846596369092,1.6525042262805945,-2.00902001410243,1.233603886656236,3.2679309099813887,0.5888440226114193,1
-3.7830996005037774,-1.1394690328064174,1.8488257249724627,0.4002271237502675,2.5674025405826106,-2.3459925009647833,-1.034206643175038,1.1196870890419293,2
0.6102418774739783,0.2605503854706698,-0.8975395164404547,2.153856424347464,-2.205315921256677,0.4919695585008568,0.6804946670524123,0.8106834091837392,1
-0.43737962964104543,3.298006804544692,-1.8394264625565155,2.3915196866157107,-4.334586462091799,-1.4702787315496588,1.6502527984764424,0.7030880814152132,1
6.662028480885502,1.2607526709492043,-4.625434931930429,-1.7776016919138353,-3.78067257827073,2.6867934640280096,0.4087096448900207,-3.207382379624206,2
0.10613071839947331,0.9632860243380341,-1.6952274784593482,-0.5638892870612507,-1.8191848840027751,-1.2693110143656652,-1.8127561775177303,-0.9909983939065607,2
1.6881911720812341,-1.5531247359060965,-1.9721328354162582,-2.6327089325604387,1.7631091298257222,-0.6287590197079916,-1.646602563650991,-2.4840509092689294,2
3.195932359778772,-0.1706389935097372,-0.3536306687551749,0.2236430428062861,-0.8685965285946051,2.1169409972776876,0.26367531809931066,-1.1921019236223804,0
-0.2771079210372232,1.2642473946361987,-1.9509126428840071,-0.5919860818663522,-1.8547631788669532,1.6812889550349173,3.905595000843708,2.803223490163417,0
5.043349143411823,-0.4597967561130345,1.5345862564827986,-0.2708396787524303,2.0438323389733215,2.2153995305384173,0.9489911618997344,-3.717735428938076,0
-1.7354783782804728,0.5767369031514937,0.16035648496378996,0.6223335635163574,-0.17957210362043693,-1.1927927737057442,0.4179724658296937,0.8981713913352123,1
1.1324255958799199,0.42573688617920136,-2.034773747863503,0.5037366944052508,-1.4873729839778556,1.163853870096776,2.900179527778147,1.1174987485431478,0
1.5076845232665466,-1.0682292446092259,-2.2559501755139157,-0.039189885608756025,-1.0152643919020925,3.012792140461919,3.297747908432407,2.3281751482347715,0
2.048681299430888,-1.511779991567012,-3.3797807260872688,-3.3586608920607435,1.8234550210508453,-0.278880667468122,0.20975757620330104,-1.9888361106606527,2
3.1286036999907916,1.4832274814657347,-0.19518365100386792,-0.05476132572513526,-0.629687089895114,0.4129393784670061,0.6997336383674575,-2.6824015381683113,0
-1.799057260712643,2.3377043140567233,-1.1405956579898477,-2.2005590983341,-1.351388503128579,-0.7769286357799505,0.701906418656933,1.0575892564577245,0
3.1365642235736835,-0.05113589890973924,-0.5548697251425536,0.5779499440006943,-0.9252107069341211,2.679394595372374,2.0598272175288326,-0.2354841295091854,0
1.0838084933228986,3.271065449109034,-2.337442842509697,3.3640803714897376,-5.116734360057435,-0.735848740473347,2.332017034432707,0.32893726517150756,1
-1.0855703318458745,1.4209613507585341,-1.661096969122502,-1.315777714546487,-0.2661373619899248,-0.9865497306931834,2.2753792883057526,0.7908537516046957,1
1.4089535187403655,-2.233291611846143,-2.515298308815206,-2.0963683230840413,2.31587050429936,-0.8113234915844009,-0.45727094713750216,-1.8548824882460109,2
-0.06392027298043128,1.5308641975881225,-3.3094989740190788,-0.5505426251007643,-1.3024897688744626,-0.861124073211039,3.6138130844873486,0.8446278426758995,1
2.861222561416898,0.8549714629104797,-2.988921410985954,-0.5606084896892404,-3.256564021383891,0.9913824780385443,-0.8637617135171798,-1.2374968824086896,2
0.7316971773754576,-2.0054843381445995,0.26156671851043667,1.7965634424800978,2.0081151448780425,-0.8352472850131161,0.21527767991135782,-1.0405136792097327,2
0.9237003399951135,2.0143302957330853,-2.680855867908674,3.0948238293671513,-5.0296862453153155,-0.2197990685912845,1.1848223843615866,0.841760065028855,1
4.361897751763371,1.949916409248197,-5.820426560404197,-1.6599483755018132,-5.73252592669902,1.3703061820272349,-0.8194306513716867,-1.7058339128577844,2
2.5800678296813473,2.751876809108778,-1.8091773771734085,-0.3871967510706129,-3.669048208860733,2.9001529565887054,3.4797263515105303,0.896281202008463,0
3.240360204589788,-0.2679471629431911,-0.8319582542776358,-0.06282437969905441,-0.40800906554742505,2.208380279329635,1.50254991275631,-0.8981760399701215,0
-6.665922183080016,1.6959076047233088,-1.1132239883554949,-3.2915586412019406,-0.882105148445466,-3.769847235866117,-2.8995935063838356,2.6314404760425907,2
0.4407122637682545,0.4405001527514616,-0.32940023000124297,3.2455737903711483,-2.1486047480593893,0.190286537574901,1.2360474489312252,0.8871044311705393,1
-2.9743005118011334,-0.8367098452047024,2.246368489583576,2.9030762334942546,-0.932715093229224,-0.9968836637441651,-3.219617282612237,1.7173070103584394,0
4.192886993061298,3.30214281966841,-0.3104125116250699,-0.7503660276679787,-4.866911341418443,5.99369279168997,3.2549847082529415,1.2644000037939498,0
1.6027428563204127,1.9425182664465424,-0.33257242571290646,-1.2835256349928477,-0.17722889069522996,0.27325087403368153,1.8176578047154592,-1.3889224391904236,0
2.1860126880872066,1.9830347083291189,-0.4059718235998886,-2.3019483638097027,-0.310166506460803,0.03924484639877657,-0.2312619950914876,-2.7098323361790158,0
4.788260806449684,-0.1321292204076705,0.8501144129341873,-0.21431281580671868,1.6387265599287635,0.4135206427537069,-0.7388754610068182,-4.982531220591595,0
-3.2017263866261265,-0.2939295783162008,1.000518367459672,-0.6486247038179047,1.5095309092685039,-1.5788401636129226,-0.6036273375841481,1.269822797893436,1
-0.26592407496363757,0.7623582056878202,-2.1782260805244977,-0.8781755662218527,-1.2931692990435824,0.24494955470854762,1.79483246375715,1.270530477213097,2
-0.27773771554784504,0.0019912031373022776,-2.0685169046923626,0.38794552806343374,-0.703728125067065,-0.30856575866353075,2.049592465339896,1.1442048442027244,1
6.26404538340285,0.7677318131278025,0.3071447139384591,2.1994442793048123,-1.8087260325242036,3.6516611230798417,2.2811157975345537,-2.4183865304424845,0
-2.996174061323253,-1.3362223054472304,-0.2631257295973506,-0.9018515107489786,2.56991208381689,-2.508464360056119,-0.4073331773567337,0.6715510841658241,2
-1.8446910877139777,-1.13509417391321,1.4587068850890335,-1.089220836295458,3.802053898092471,-2.2520550005393303,-0.8039795378461092,-1.0082737365672971,2
0.6790280066379172,-4.491563450288185,0.04188961558193016,-0.6366528284310317,4.629456212446069,-0.5891869259390157,-1.6848058640068788,-1.6056881203823168,2
-0.07831616561901066,0.3136282086071953,-1.803614692030922,0.7236551777163771,-1.2576946280152947,-0.21688906748562442,1.5852091744650947,0.9540876601062235,1
0.1966442940920996,0.5510983383208208,-1.5146336391857482,-2.3941242084951613,1.2185187248349723,-1.81896040919016,-0.09180491027030402,-1.897734755000342,0
3.5619411833840386,2.3021553656818563,-0.5151008538807825,-0.2344824529545021,-2.2740401640393615,2.9888813484327015,3.088615824844999,-0.5057298518709391,0
1.580852506198562,0.0033398977130157936,-2.1480547866979904,-1.7557874758883965,0.38437132927547,0.21833641890061506,1.3949350218385868,-0.9357921016964602,0
0.14490785968070924,0.49720641510531294,-3.5613144629988978,0.20923487235475546,-3.244311863856948,0.6996834239881161,1.4509452881185763,2.0018593971192824,2
1.8829127350819077,-0.7610676756038613,-2.379543718419998,-2.95942929186941,-0.06611606397740333,0.12227136172118835,-2.4398338602283207,-2.078773243847691,2
-1.7086920727544845,-0.22835880977277612,-0.3424560035751125,-0.260777793186877,-0.5140657014708643,-1.2504433780200876,-2.2153415726110737,0.41451636353894106,2
-7.657723860075246,-1.4382130098346473,3.8382943085506263,2.0305550509141463,3.0358160739926894,-3.503135523703234,-1.3654862972313178,3.7414567209951404,2
-2.5729126173248194,1.783497873403305,0.4274917009311572,0.7797337039457818,-0.07363796867794055,-2.2942944376865193,1.4896050048766942,0.8802252833294304,1
1.8904081576549339,0.35616627130566236,-1.3602198482229009,-1.6167775783392173,-0.22877111495742425,0.003788850945865896,-0.7243688541368025,-1.9671532540968122,2
0.3424140765116416,1.3347059942209454,-1.198980926538803,-1.4629224976422273,-1.1274437362010354,1.0283716814621355,1.8188736743333846,0.8172483243804489,0
